{
  "project_info": {
    "project_number": "885998158875",
    "firebase_url": "https://my-application-6eba0.firebaseio.com",
    "project_id": "my-application-6eba0",
    "storage_bucket": "my-application-6eba0.appspot.com"
  },
  "client": [
    {
      "client_info": {
        "mobilesdk_app_id": "1:885998158875:android:18580a7710f49620de64be",
        "android_client_info": {
          "package_name": "com.example.myapplication"
        }
      },
      "oauth_client": [
        {
          "client_id": "885998158875-rcvoailkt6kmddivop0t2kgc97gc9u97.apps.googleusercontent.com",
          "client_type": 1,
          "android_info": {
            "package_name": "com.example.myapplication",
            "certificate_hash": "dc9328b20d2bfaf7ca8d8a33ffcc899ca7e289f3"
          }
        },
        {
          "client_id": "885998158875-p6danf6cus2ofja6tf2rsa59vgvsahin.apps.googleusercontent.com",
          "client_type": 3
        }
      ],
      "api_key": [
        {
          "current_key": "AIzaSyA2F9E4zmbXG9rYNJFMLmsHitN8IWWaS60"
        }
      ],
      "services": {
        "appinvite_service": {
          "other_platform_oauth_client": [
            {
              "client_id": "885998158875-p6danf6cus2ofja6tf2rsa59vgvsahin.apps.googleusercontent.com",
              "client_type": 3
            }
          ]
        }
      }
    }
  ],
  "configuration_version": "1"
}